{
  "name": "absen",
  "base": "PersistedModel",
  "idInjection": true,
  "options": {
    "validateUpsert": true
  },
  "properties": {
    "nama": {
      "type": "string",
      "required": true
    },
    "keterangan": {
      "type": "string",
      "required": true
    }
  },
  "validations": [],
  "relations": {
    "siswa": {
      "type": "belongsTo",
      "model": "siswa",
      "foreignKey": "siswaId"
    },
    "matapelajaran": {
      "type": "belongsTo",
      "model": "matapelajaran",
      "foreignKey": "matapelajaranId"
    }
  },
  "acls": [
    {
      "accessType": "*",
      "principalType": "ROLE",
      "principalId": "$unauthenticated",
      "permission": "DENY"
    },
    {
      "accessType": "*",
      "principalType": "ROLE",
      "principalId": "$authenticated",
      "permission": "ALLOW"
    }
  ],
  "methods": {}
}
