{
  "name": "kelas",
  "base": "PersistedModel",
  "idInjection": true,
  "options": {
    "validateUpsert": true
  },
  "properties": {
    "tahun_ajaran": {
      "type": "string",
      "required": true
    },
    "nama_kelas": {
      "type": "string",
      "required": true
    },
    "wali_kelas": {
      "type": "string",
      "required": true
    }
  },
  "validations": [],
  "relations": {
    "guru": {
      "type": "belongsTo",
      "model": "guru",
      "foreignKey": "",
      "primaryKey": "id"
    }
  },
  "acls": [
    {
      "accessType": "*",
      "principalType": "ROLE",
      "principalId": "$unauthenticated",
      "permission": "DENY"
    },
    {
      "accessType": "*",
      "principalType": "ROLE",
      "principalId": "$authenticated",
      "permission": "ALLOW"
    }
  ],
  "methods": {}
}
