{
  "name": "matapelajaran",
  "base": "PersistedModel",
  "idInjection": true,
  "options": {
    "validateUpsert": true
  },
  "properties": {
    "nama_mapel": {
      "type": "string",
      "required": true
    },
    "jumlah_jam": {
      "type": "number",
      "required": true
    }
  },
  "validations": [],
  "relations": {
    "siswas": {
      "type": "hasMany",
      "model": "siswa",
      "foreignKey": "matapelajaranId",
      "through": "nilai"
    },
    "siswaa": {
      "type": "hasMany",
      "model": "siswa",
      "foreignKey": "siswaId",
      "through": "absen"
    }
  },
  "acls": [
    {
      "accessType": "*",
      "principalType": "ROLE",
      "principalId": "$unauthenticated",
      "permission": "DENY"
    },
    {
      "accessType": "*",
      "principalType": "ROLE",
      "principalId": "$authenticated",
      "permission": "ALLOW"
    }
  ],
  "methods": {}
}
