{
  "name": "nilai",
  "base": "PersistedModel",
  "idInjection": true,
  "options": {
    "validateUpsert": true
  },
  "properties": {
    "nama": {
      "type": "string",
      "required": true
    },
    "nilai_tugas": {
      "type": "number",
      "required": true
    },
    "nilai_ulangan": {
      "type": "number",
      "required": true
    },
    "nilai_ujian": {
      "type": "number",
      "required": true
    },
    "nilai_akhir": {
      "type": "number",
      "required": true
    },
    "keterangan": {
      "type": "string",
      "required": true
    }
  },
  "validations": [],
  "relations": {
    "siswa": {
      "type": "belongsTo",
      "model": "siswa",
      "foreignKey": "siswaId",
      "options": {
        "nestRemoting": true,
        "disableInclude": true
      }
    },
    "matapelajaran": {
      "type": "belongsTo",
      "model": "matapelajaran",
      "foreignKey": "matapelajaranId",
      "options": {
        "nestRemoting": true,
        "disableInclude": true
      }
    }
  },
  "acls": [
    {
      "accessType": "*",
      "principalType": "ROLE",
      "principalId": "$unauthenticated",
      "permission": "DENY"
    },
    {
      "accessType": "*",
      "principalType": "ROLE",
      "principalId": "$authenticated",
      "permission": "ALLOW"
    }
  ],
  "methods": {}
}
